ID,Type,SKU,"GTIN, UPC, EAN, or ISBN",Name,Published,"Is featured?","Visibility in catalog","Short description",Description,"Date sale price starts","Date sale price ends","Tax status","Tax class","In stock?",Stock,"Low stock amount","Backorders allowed?","Sold individually?","Weight (kg)","Length (cm)","Width (cm)","Height (cm)","Allow customer reviews?","Purchase note","Sale price","Regular price",Categories,Tags,"Shipping class",Images,"Download limit","Download expiry days",Parent,"Grouped products",Upsells,Cross-sells,"External URL","Button text",Position,Brands,"Attribute 1 name","Attribute 1 value(s)","Attribute 1 visible","Attribute 1 global"
2725,simple,,,"Cleansing milk with olive oil",1,0,visible,"A natural cleansing milk with olive oil!This innovative micro-emulsion is essential for completing and optimizing facial cleansing. Cleanses the skin perfectly","A natural cleansing milk with olive oil!This innovative micro-emulsion is essential for completing and optimizing facial cleansing. Cleanses the skin perfectly by gently removing make-up and impurities, giving the skin an immediate sensation of comfort and freshness. Enriched with organic Olive and almond oil, it rebuilds the skin’s protective barrier and along with the soothing lavender and propolis extract, it preserves skin’s natural hydration by leaving it clean and supple with a feeling of well being. Suitable for All skin types\n\n<strong>250ml Bottle</strong>",,,taxable,,1,6,,0,0,0.330,,,,1,,,16.95,"Skincare > Cleansing, Skincare",,,"https://www.ellianaturalcosmetics.com/wp-content/uploads/2020/01/Natural-cleansing-milk.jpg, https://www.ellianaturalcosmetics.com/wp-content/uploads/2020/01/cleansing-milk-cleansers.jpg, https://www.ellianaturalcosmetics.com/wp-content/uploads/2020/01/cleansing1.jpg, https://www.ellianaturalcosmetics.com/wp-content/uploads/2020/01/cleansing-milk-scaled.jpg",,,,,,,,,0,"Ellia Natural Cosmetics",INGREDIENTS,"Water (Aqua)\, Prunus Amygdalus Dulcis (Sweet Almond) Oil\, Glyceryl Stearate\, Glycerin\, Caprylic/Capric Triglyceride\, Stearyl Alcohol\, Olea Europaea (Olive) Fruit Oil\, Cetyl Alcohol\, Maltol\, Ceteareth-20\, Xanthan Gum\, Parfum (Fragrance)\, Lavandula Angustifolia (Lavender) Oil\, Sodium Gluconate\, Polyquaternium-80\, Aloe Barbadensis Leaf Juice Powder\, Propolis Extract\, Limonene\, Hexyl Cinnamal\, Sodium Benzoate\, Potassium Sorbate\, Citronellol\, Alpha-Isomethyl Ionone\, Citric Acid.",1,0
2979,simple,,,"Mediterranean herbal water -Natural Hydrating Face Mist",1,0,visible,"Mediterranean herbal water is a Natural Hydrating face Mist &amp; lotion infused with rose,lavender,chamomile and amamelis water, extract from propolis,aloe,glycerin from herbs and some polychacharites from herbs that work as hyalouronic. Mediterranean herbal water is A naturally soothing source for sensitive skins!","Mediterranean herbal water is a Natural Hydrating face Mist &amp; lotion infused with rose,lavender,chamomile and amamelis water, extract from propolis,aloe,glycerin from herbs and some polychacharites from herbs that work as hyalouronic. Mediterranean herbal water is A naturally soothing source for sensitive skins! It works by toning, disinfecting and moisturizing the skin, leaving it soft, fine, refreshed and disinfected. You will feel overwhelmed by the soothing softness. This exquisite mist will fascinate you with its delicate scent of rose lavender essential oils. Furthermore it will literally provide you with long-lasting protection. Refreshing and uplifting, it soothes both skin and senses – imparting precious moisture and infusing cells with antioxidant protection in order to protect skin against environmental stresses. You should always have this herbal water in your bag.\n\n<strong>Directions:</strong>  After washing your face, spray it from a short distance or use it as a simple toner to clean your skin. You can use it as many times you like during the day in order to clean and refresh the skin from dust and pollution. Spray it once and wipe to clean the skin and spray it again, letting it dry on your face and moisturize your skin. It gives moisture and vitality to skin just like an expensive cream!\n\n<strong>50ml Bottle</strong>",,,taxable,,1,3,,0,0,0.130,,,,1,,,15.99,"Skincare > Cleansing, Skincare",,,"https://www.ellianaturalcosmetics.com/wp-content/uploads/2020/01/herbal-moisturizing-mist-spray.jpg, https://www.ellianaturalcosmetics.com/wp-content/uploads/2020/01/herbal-face-mist-scaled.jpg",,,,,"id:2987, id:4905, id:3002, id:3004",id:3638,,,4,"Ellia Natural Cosmetics",INGREDIENTS,"AQUA\, ROSA DAMASCENA FLOWER WATER\, GLYCERINE\, HAMAMELIW VIRGINIANA DISTILLED WATER\, CHAMOMILE RECUTITA FLOWER WATER\, LAVANDULA ANGUSTIFOLIA (LAVANDER) WATER\, PEG-40 HYDROGENATED CASTOR OIL\, SODIUM PCA\, PERFUME\, CHLOROPHENSIN\, ALOE BARBADENSIS LEAF POWDER\, LAVANDULA ANGUSTIFOLIA (LAVENDER) OIL\, SODIUM LEVULINATE\, LEVULINIC ACID\, PROPOLIS CERA EXTRACT\, SODIUM ANISATE\, PHENOXYETHANOL\, BIOSACCHARIDE GUM-1\, GERANIOL\, CITRONELLOL\, LINALOOL.",1,0
2981,simple,,,"Mediterranean herbal water- Natural Herbal face Mist spray",1,0,visible,"Mediterranean herbal water is a Natural Herbal face Mist &amp; lotion infused with rose,lavender,chamomile and amamelis water, extract from propolis,aloe,glycerin from herbs and some polychacharites from herbs that work as hyalouronic.","Mediterranean herbal water is a Natural Herbal face Mist &amp; lotion infused with rose,lavender,chamomile and amamelis water, extract from propolis,aloe,glycerin from herbs and some polychacharites from herbs that work as hyalouronic. Mediterranean herbal water is A naturally soothing source for sensitive skins! It works by toning, disinfecting and moisturizing the skin, leaving it soft, fine, refreshed and disinfected. You will feel overwhelmed by the soothing softness. This exquisite mist will fascinate you with its delicate scent of rose lavender essential oils. Furthermore it will literally provide you with long-lasting protection. Refreshing and uplifting, it soothes both skin and senses – imparting precious moisture and infusing cells with antioxidant protection in order to protect skin against environmental stresses. You should always have this herbal water in your bag.\n\n<strong>Directions:</strong>  After washing your face, spray it from a short distance or use it as a simple toner to clean your skin. You can use it as many times you like during the day in order to clean and refresh the skin from dust and pollution. Spray it once and wipe to clean the skin and spray it again, letting it dry on your face and moisturize your skin. It gives moisture and vitality to skin just like an expensive cream!\n\n<strong>100ml Bottle</strong>",,,taxable,,1,7,,0,0,0.225,,,,1,,,24,"Skincare > Cleansing, Skincare",,,"https://www.ellianaturalcosmetics.com/wp-content/uploads/2020/01/herbal-moisturizing-mist-spray.jpg, https://www.ellianaturalcosmetics.com/wp-content/uploads/2020/01/cleansing-mediterranean-herbal-water-general-scaled.jpg, https://www.ellianaturalcosmetics.com/wp-content/uploads/2020/01/cleansing-mediterranean-herbal-general2-scaled.jpg, https://www.ellianaturalcosmetics.com/wp-content/uploads/2020/01/Cleansing-mediterranean-herbal-water-scaled.jpg",,,,,"id:2987, id:2985, id:4905, id:3171",id:2983,,,5,"Ellia Natural Cosmetics",INGREDIENTS,"AQUA\, ROSA DAMASCENA FLOWER WATER\, GLYCERINE\, HAMAMELIW VIRGINIANA DISTILLED WATER\, CHAMOMILE RECUTITA FLOWER WATER\, LAVANDULA ANGUSTIFOLIA (LAVANDER) WATER\, PEG-40 HYDROGENATED CASTOR OIL\, SODIUM PCA\, PERFUME\, CHLOROPHENSIN\, ALOE BARBADENSIS LEAF POWDER\, LAVANDULA ANGUSTIFOLIA (LAVENDER) OIL\, SODIUM LEVULINATE\, LEVULINIC ACID\, PROPOLIS CERA EXTRACT\, SODIUM ANISATE\, PHENOXYETHANOL\, BIOSACCHARIDE GUM-1\, GERANIOL\, CITRONELLOL\, LINALOOL.",1,0
2983,simple,,,"Face Scrub Mask with olive oil",1,0,visible,"This face scrub mask with olive oil is The first essential step to achieve a youthful-looking face. This refreshing, moisturizing and exfoliating treatment (with smoothing Himalayan salt as granules) ‘rubs away’ rough","This face scrub mask with olive oil is The first essential step to achieve a youthful-looking face. This refreshing, moisturizing and exfoliating treatment (with smoothing Himalayan salt as granules) ‘rubs away’ rough, flaky surface cells and impurities, giving skin a sleek new start. Also, it prepares skin for the treatment that follows.\n– Polishes and softens the skin\n– Stimulates skin cell renewal\n– Restores skin lost elasticity and diminishes the look of flaky skin\n\n<strong>MAIN INGREDIENTS:</strong>\n\nOlive oil,Shea butter,beeswax,sweat almond oil,wheat germ oil,apricot oil,chamomile extract, calendula extract, himalayan salt,sugar,chamomile flower,emulsifying wax, propolis,lemon verbena essential oil\n\n<strong>100ml Jar</strong>",,,taxable,,1,3,,0,0,0.300,,,,1,,,24.60,"Skincare > Cleansing, Skincare",,,"https://www.ellianaturalcosmetics.com/wp-content/uploads/2020/01/Face-scrub-mask-with-olive-oil.jpg, https://www.ellianaturalcosmetics.com/wp-content/uploads/2020/01/Face-scrub-mask-with-olive-oil1.jpg, https://www.ellianaturalcosmetics.com/wp-content/uploads/2020/01/natural-face-scrub-mask-1.jpg, https://www.ellianaturalcosmetics.com/wp-content/uploads/2020/01/natural-face-scrub-mask.jpg, https://www.ellianaturalcosmetics.com/wp-content/uploads/2020/01/face-scrub-mask-cleansing.jpg, https://www.ellianaturalcosmetics.com/wp-content/uploads/2020/01/face-scrub-mask--scaled.jpg",,,,,,,,,3,"Ellia Natural Cosmetics",INGREDIENTS,"Olive oil\,Shea butter\,beeswax\,sweat almond oil\,wheat germ oil\,apricot oil\,chamomile extract\, calendula extract\, himalayan salt\,sugar\,chamomile flower\,emulsifying wax\, propolis\,lemon verbena essential oil",1,0
2985,simple,,,"24H Youth Revive - brightening cream",1,0,visible,"A precious natural brightening cream which transforms the skin into an ‘activator of radiance and youth. 24h Youth Revive is infused with a combination of herbal oils selected for their...","[video width=""720"" height=""1080"" mp4=""https://www.ellianaturalcosmetics.com/wp-content/uploads/2020/01/Copy-Cfe8579b-E5f6-46Fb-A51b-56Aa4f665d3f-1.mp4"" loop=""true"" autoplay=""true""][/video]\n\nA precious natural brightening cream, which transforms the skin into an ‘activator of radiance and youth. 24h Youth Revive is infused with a combination of herbal oils selected for their softening, regenerating and strengthening benefits.Olive oil,preakly pear oil and rose hip oil are compained with Hyaluronic acid and vitamins so to help the skin  regain its elasticity, radiance and to give it a more youthful appearance! All skin types\n\n<strong>Directions:</strong> Apply a pearl sized amount between the fingertips and gently massage onto the face,eyes, neck and décolletage.\n\n<strong>60ml Jar</strong>",,,taxable,,1,6,,0,0,0.165,,,,1,,,35.20,"Skincare > Prevention, Skincare",,,"https://www.ellianaturalcosmetics.com/wp-content/uploads/2020/01/Natural-brightening-cream.jpg, https://www.ellianaturalcosmetics.com/wp-content/uploads/2020/01/natural-brightening-cream3.jpg, https://www.ellianaturalcosmetics.com/wp-content/uploads/2020/01/natural-brightening-cream2.jpg, https://www.ellianaturalcosmetics.com/wp-content/uploads/2020/01/Natural-brightening-cream1.jpg",,,,,,,,,13,"Ellia Natural Cosmetics",INGREDIENTS,"Aqua Olive Oil\, Glyceryl Stearate\, Glycerin\, Sweet Almond Oil\, Rose Hip Oil\, Tocopheryl Acetate\, Phenoxyethanol\, Panthenol\, Preakly Pear Seed Oil\, Caprylyl Glycol\,  Allantoin\, Bitter Orange Oil\,  Disodium EDTA\, Pentylene Glycol\, Hydrolyzed Rice Protein\, Sodium Hyaluronate\,Sodium Hydroxide\,Linaloo",1,0
2987,simple,,,"24h Antioxidant Hydrator - moisturizer with olive oil",1,0,visible,"24h Antioxidant Hydrator is A light way moisturizer with olive oil &amp; poppy seed oil as a base.It acts not only as a protective shield to the formation of free radicals but it guarantees you a perfect and ongoing hydration all day long.","[video width=""720"" height=""1080"" mp4=""https://www.ellianaturalcosmetics.com/wp-content/uploads/2024/01/Copy-313370A5-66A6-4335-Bff7-7E295b32a6a7-1.mp4"" loop=""true"" autoplay=""true""][/video]\n\n24h Antioxidant Hydrator is A light way moisturizer with olive oil &amp;poppy seed oil as a base.It acts not only as a protective shield to the formation of free radicals but it guarantees you a perfect and ongoing hydration all day long. Enriched with Poppies seed oil, sweat almond oil ,rose essential oil, hyaluronic,glycerin from herbs,allantoin and vitamins it is the perfect solution for any dehydrate and sensitive skin.\n\n<strong>Directions:</strong>Apply a pearl sized amount between the fingertips and gently massage onto the face,eyes, neck and décolletage.\n\n<b>60ml Jar</b>",,,taxable,,1,3,,0,0,0.165,,,,1,,,32.80,"Skincare > Moisture, Skincare",,,"https://www.ellianaturalcosmetics.com/wp-content/uploads/2020/01/Natural-moisturizer-for-face.jpg, https://www.ellianaturalcosmetics.com/wp-content/uploads/2020/01/Natural-moisturizer-for-face2.jpg, https://www.ellianaturalcosmetics.com/wp-content/uploads/2020/01/natural-moisturizer-for-face3.jpg, https://www.ellianaturalcosmetics.com/wp-content/uploads/2020/01/natural-moisturizer-for-face-with-olive-oil.jpg, https://www.ellianaturalcosmetics.com/wp-content/uploads/2020/01/Natural-moisturizer-for-face1.jpg, https://www.ellianaturalcosmetics.com/wp-content/uploads/2020/01/24h-creams-24h-antioxidant-hydrator-moisture.jpg, https://www.ellianaturalcosmetics.com/wp-content/uploads/2020/01/45259854_1184519018382278_3212687098490388480_n.jpg",,,,,,,,,10,"Ellia Natural Cosmetics",INGREDIENTS,"Aqua (Water)\, Caprylic/Capric Triglyceride\, Cetearyl Alcohol\, Ethylhexyl Palmitate\, Glyceryl Stearate\, Glycerin\, Papaver Orientale (Poppy) Seed Oil\, Ethylhexyl Stearate\, Olea Europaea (Olive) Fruit Oil\, Prunus Amygdalus Dulcis (Sweet Almond) Oil\, Maltol\, Parfum (Fragrance)\, Carbomer\, Panthenol\, Allantoin\, Sodium Hydroxide\, Sodium Gluconate\, Aloe Barbadensis Leaf Juice Powder\, Rosa Damascena Flower Oil\, Polyquaternium-80\, Sodium Hyaluronate\, Citronellol\, Geraniol\, Eugenol\, Linalool\, Citral\, Farnesol.",1,0
2989,simple,,,"24h Protector olive oil cream",1,0,visible,"24h protector olive oil cream is a Day &amp; night nourishing and revitalizing cream specifically formulated for dry, very dry and sensitive skin. Enriched with lupine,rosemary and propolis extract,","24h protector olive oil cream is a Day &amp; night nourishing and revitalizing cream specifically formulated for dry, very dry and sensitive skin. Enriched with lupine,rosemary and propolis extract, Shea butter, beeswax and vitamins, stimulates the production of lipids, strengthens the skin barrier, soothes and comforts the  skin.\n<strong>Directions:</strong> Warm a pearl sized amount between the fingertips and gently massage onto the face, neck and décolletage.\n\n<b>60ml Jar</b>\n\n&nbsp;",,,taxable,,1,10,,0,0,0.165,,,,1,,,43.80,"Skincare > Extreme Skin Conditions, Skincare",,,"https://www.ellianaturalcosmetics.com/wp-content/uploads/2020/01/Olive-oil-cream-for-dry-skin.jpg, https://www.ellianaturalcosmetics.com/wp-content/uploads/2020/01/Olive-oil-cream-for-dry-skin-0.jpg, https://www.ellianaturalcosmetics.com/wp-content/uploads/2020/01/Olive-oil-cream-for-dry-skin1.jpg, https://www.ellianaturalcosmetics.com/wp-content/uploads/2020/01/24h-creams-24h-protector-crem-60ml.jpg",,,,,,,,,19,"Ellia Natural Cosmetics",INGREDIENTS,"AQUA\, OLIVE OIL\, CETAERYL WHEAT STRAW GLYCOSIDES\, GLYCERIN\, HELIANTHUS ANNUUS SEED OIL\, PANTHENOL\, GLYCERYL STEARATE\, LINOLEIC ACID\, MYRISTYL MYRISTATE\, CERA ALBA\, HYDROGENATED LECITHIN\, SODIUM HYALURONATE\, ROSMARINUS OFFICINALIS LEAF EXTRACT\, PROPOLIS EXTRACT\, LUPINUS ALBUS SEED EXTRACT\, CITRIC ACID\, LINOLENIC ACID\, TETRASODIUM GLUTAMATE\, DIACETATE\,XANTHAN GUM",1,0
2991,simple,,,"After Shave Cream  with  olive oil",1,0,visible,"Natural After shave cream with olive oil . A complete anti-aging and revitalizing treatment for men! An intensive, nourishing cream for those who have to shave daily.","Natural After shave cream with olive oil . A complete anti-aging and revitalizing treatment for men! An intensive, nourishing cream for those who have to shave daily. It revitalizes the skin and guarantees an instant and continuous moisturization all day long. Apart from the organic olive oil, contains peppermint leaf extract, mastic and rosemary essential oils.Specific herb moisturizing agents such as lupine protein, beet root extract, zea corn extract, Hyalouronic and vitamin E . Last but NOT least Mastic essential oil which is  is well known for its leading antiseptic, antibacterial, anti-inflammatory and healing properties.\n\n<strong>60ml Bottle</strong>",,,taxable,,1,8,,0,0,0.160,,,,1,,,28.25,"Skincare > Men's care, Skincare",,,"https://www.ellianaturalcosmetics.com/wp-content/uploads/2020/01/aftershave-1.png, https://www.ellianaturalcosmetics.com/wp-content/uploads/2020/01/after-shave-cream-manproducts2-scaled.jpg, https://www.ellianaturalcosmetics.com/wp-content/uploads/2020/01/after-shave-cream-man-products3-scaled.jpg, https://www.ellianaturalcosmetics.com/wp-content/uploads/2020/01/after-shave-cream-man-products1-scaled.jpg",,,,,,,,,21,"Ellia Natural Cosmetics",INGREDIENTS,"AQUA\, GLYCERIN\, OLUS OIL\,
CETEARYL ALCOHOL\, SIMMONDSIA CHINENSIS SEED OIL\,
CETETH-20 PHOSPHATE\, BUTYROSPERMUM PARKII BUTTER\,
OLEA EUROPAEA FRUIT OIL\, PRUNUS ARMENIACA (APRICOT)
KERNEL OIL\, CETYL PALMITATE\, HYDROLYSED LUPIN PROTEIN
OCTENYLSUCCINATE\,SCLEROTIUM GUM\, PHENOXYETHANOL\,
TOCOPHERYL ACETATE\, PANTHENOL\, HYDROLYZED CORN STARCH\, BETA BULGARIS (BEET) ROOT EXTRACT\, DICETYL PHOSPHATE\, CAPRYLYL GLYCOL\, SODIUM ACRYLATES COPOLYMER\, PISTACIA LENDISCUS (MASTIC) GUM OIL\,
PROPOLIS CERA\, DISODIUM EDTA\, ALOE BARBADENSIS (ALOE VERA) LEAF JUICE\, MENTA PEPERITA (PEPPERMINT) LEAF EXTRACT\, SODIUM HYALURONATE\, SODIUM HYDROXIDE\,
LECITHIN\, POTASSIUM SORBATE\, SODIUM BENZOATE\,
ROMARINUS OFFICINALIS (ROSEMARY) OIL\, CITRIC ACID\,
SODIUM HYDROXYMETHYL GLYCINATE.",1,0
2993,simple,,,"SHAVING SOAP with olive oil",1,0,visible,"A natural  Shaving Soap with olive oil  and extra fortified with vitamins and propolis. It facilitates shaving","A natural Shaving Soap with olive oil  and extra fortified with vitamins and propolis. It facilitates shaving and it is an antiseptic for small cuts. It also leaves skin soft, supple and hydrated. No foaming ingredients inside, no chemicals. Last ONE Year!",,,taxable,,1,7,,0,0,0.225,,,,1,,,15.45,"Skincare > Men's care, Skincare",,,"https://www.ellianaturalcosmetics.com/wp-content/uploads/2020/01/shavingsoap.png, https://www.ellianaturalcosmetics.com/wp-content/uploads/2020/01/shaving-soap-man-products5.jpg, https://www.ellianaturalcosmetics.com/wp-content/uploads/2020/01/shaving-soap-man-products6.jpg, https://www.ellianaturalcosmetics.com/wp-content/uploads/2020/01/shaving-soap-man-products3-1-scaled.jpg",,,,,,,,,20,"Ellia Natural Cosmetics",,,,
2995,simple,,,"Young Ever After balm - Natural Anti aging balm",1,0,visible,"An exclusive anti aging balm  that re-energizes the face and guarantees a targeted detoxifying action thanks to the extract of Helichrysum Italicum flower that literally reverses the antidote to overall skin-aging !","An exclusive natural anti aging balm  that re-energizes the face and guarantees a targeted detoxifying action thanks to the extract of Helichrysum Italicum flower that literally reverses the antidote to overall skin-aging !This anti-aging treatment • energizes skin tissues, stimulates the skin cell renewal process, combats wrinkles, tones and guarantees supple and firm skin. It also hydrates thoroughly and nourishes the skin, protects against free radicals and pollution. It is extracted from the heart of the rare and resilient Helichrysum flower…Young ever after salve addresses multiple signs of aging. Skin appears plumper, radiant and guarantees you an immediate and intensive skin nourishing and regeneration action!!\n\n<strong>Directions:</strong> Using spatula apply a pearl sized amount of our natural olive oil blam and warm between fingertips, apply by pressing gently onto the skin and massage in an up and outwards motion over face, neck and décolletage. Is better to be used as an evening cream or if the weather is cold and the skin very dry with lack of lipids can be used as your usual cream day &amp; night\n\n<b>60ml Jar</b>",,,taxable,,1,10,,0,0,0.165,,,,1,,,67,"Skincare > Antiageing, Skincare",,,"https://www.ellianaturalcosmetics.com/wp-content/uploads/2021/06/Natural-antiaging-balm.jpg, https://www.ellianaturalcosmetics.com/wp-content/uploads/2021/06/natural-antiaging-balm0.jpg, https://www.ellianaturalcosmetics.com/wp-content/uploads/2021/06/natural-antiaging-balm-1.jpg",,,,,,,,,18,"Ellia Natural Cosmetics",INGREDIENTS,"Olea Europaea (Olive) Fruit Oil\, Butyrospermum Parkii (Shea) Butter\, Prunus Amygdalus Dulcis (Sweet Almond) Oil\, Prunus Armeniaca (Apricot) Kernel Oil\, Cera Alba (Beeswax)\, Caprylic/Capric Triglyceride\, Vitis Vinifera (Grape) Seed Oil\, Oenothera Biennis Oil\, Helianthus Annuus (Sunflower) Seed Oil\, Parfum (Fragrance)\, Tocopheryl Acetate\, Helichrysum Italicum Flower Extract\, Tocopherol\, Propolis Extract\, Lavandula Angustifolia (Lavender) Oil\, Linalool\, Retinyl Palmitate\, Glycine Soja Oil\, Zea Mays Oil\, Limonene.",1,0
2997,simple,,,"Young Ever After serum  - Anti aging olive oil",1,0,visible,"This Anti aging olive oil treatment is A true elixir of light and youth! Young Ever After serum effectiveness is rooted in its exclusive formula containing a mixture of high antioxidant oils, vitamins and the rare and resilient Helichrysum flower extract","This Anti aging olive oil treatment is A true elixir of light and youth! Young Ever After serum effectiveness is rooted in its exclusive formula containing a mixture of high antioxidant oils, vitamins and the rare and resilient Helichrysum flower extract which is a precious ingredient that performs powerful regenerating, repairing and detoxifying action. With its fresh, velvet texture, the Young Ever After serum sinks immediately into the skin on its own like your usual anti aging cream or on the top of our 24h Ultimate recovery cream or the own that you usually use and  boost this way the global corrective effectiveness.\n<strong>Directions:</strong>Use Young Ever After Serum, three times a week on its own (like your usual cream), or every day ON the TOP of our 24h Ultimate recovery cream or your own anti aging cream. Apply 2-4 drops between the fingertips and gently press onto the face and neck . If is used morning we recommend you to apply your usual sun cream on the Top of Young Ever After serum.\n\n<b>50ml Bottle</b>",,,taxable,,1,8,,0,0,0.125,,,,1,,,72,"Skincare > Antiageing, Skincare",,,"https://www.ellianaturalcosmetics.com/wp-content/uploads/2021/06/Anti-aging-oil-serum.jpg, https://www.ellianaturalcosmetics.com/wp-content/uploads/2020/01/anti-aging-YEA-serum.jpg, https://www.ellianaturalcosmetics.com/wp-content/uploads/2020/01/anti-aging-photo-scaled.jpg, https://www.ellianaturalcosmetics.com/wp-content/uploads/2020/01/anti-aging-photo3-scaled.jpg",,,,,,,,,17,"Ellia Natural Cosmetics",INGREDIENTS,"Olea Europaea (Olive) Fruit Oil\, Prunus Amygdalus Dulcis (Sweet Almond) Oil\, Prunus Armeniaca (Apricot) Kernel Oil\, Caprylic/Capric Triglyceride\, Rosa Moschata (Rose Hip) Seed Oil\, Vitis Vinifera (Grape) Seed Oil\, Helianthus Annuus (Sunflower) Seed Oil\, Tocopheryl Acetate\, Squalane\, Persea Gratissima (Avocado) Oil\, Linoleic Acid\, Hypericum Perforatum Flower/Leaf/Stem Extract\, Parfum (Fragrance)\, Helichrysum Italicum Flower Extract\, Propolis Extract\, Tocopherol\, Oleic Acid\, Calendula Officinalis Flower Extract\, Palmitic Acid\, Lavandula Angustifolia (Lavender) Oil\, Stearic Acid\, Linalool\, Retinyl Palmitate\, Ubiquinone\, Glycine Soja Oil\, Zea Mays Oil\, Linolenic Acid\, Limonene.",1,0
3000,simple,,,"PURE SKIN FLUID - Olive Oil fluid",1,0,visible,"This special lightweight Olive oil fluid for skin is enriched with vitamin E, hyalouronic acid, propolis and a mixture of 3 splendor extracts from Thyme, Sage and Spriraea ulmaria ,highly antibacterial, antioxidant and anti inflammatory herbs.","This special lightweight Olive oil fluid for skin is enriched with vitamin E, hyalouronic acid,propolis and a mixture of 3 splendor extracts from Thyme, Sage and Spriraea ulmaria ,highly antibacterial, antioxidant and anti inflammatory herbs. This purifying substance ensures long-lasting hydration and sebum-balancing effectiveness. It also protects from external agents and pollution. As a result the shiniest parts instantly become matte whilst day after day the skin is freed from excessive sebum and regains vitality and splendor.\n\n<b>60ml Bottle</b>",,,taxable,,1,5,,0,0,0.160,,,,1,,,30.82,"Skincare > Extreme Skin Conditions, Skincare",,,"https://www.ellianaturalcosmetics.com/wp-content/uploads/2020/01/Natural-fluid-cream-for-oily-skin.jpg, https://www.ellianaturalcosmetics.com/wp-content/uploads/2020/01/pure-skin-fluid-oily-skin-scaled.jpg, https://www.ellianaturalcosmetics.com/wp-content/uploads/2020/01/pure-skin-fluid-60ml-1.jpg, https://www.ellianaturalcosmetics.com/wp-content/uploads/2020/01/pure-skin-fluid-plus-soap-set-oily-skin.jpg",,,,,,,,,9,"Ellia Natural Cosmetics",INGREDIENTS,"AQUA\, GLYCERIN\, OLUS OIL\,
CETEARYL ALCOHOL\, SIMMONDSIA CHINENSIS SEED OIL\,
CETETH-20 PHOSPHATE\, BUTYROSPERMUM PARKII BUTTER\,
OLEA EUROPAEA FRUIT OIL\, PRUNUS ARMENIACA (APRICOT)
KERNEL OIL\, CETYL PALMITATE\, HYDROLYSED LUPIN PROTEIN
OCTENYLSUCCINATE\,SCLEROTIUM GUM\, PHENOXYETHANOL\, PARFUM\,
BUTYLENE GLYCOL\, TOCOPHERYL ACETATE\, PANTHENOL\, DICETYL PHOSPHATE\, CAPRYLYL GLYCOL\, SODIUM ACRYLATES COPOLYMER\, PROPOLIS CERA\, DISODIUM EDTA\, ALOE BARBADENSIS (ALOE VERA) LEAF JUICE\, SODIUM HYALURONATE\, SODIUM HYDROXIDE\, SPIRAEA ULMARIA EXTRACT\, THYMUS VULGARIS (THYM) EXTRACT\, SALVIA SCLAREA (CLARY SAGE) EXTRACT\, MENTA PEPERITA (PEPPERMINT) OIL\, LECITHIN\, POTASSIUM SORBATE\, SODIUM BENZOATE\, CITRIC ACID\, SODIUM HYDROXYMETHYL GLYCINATE.",1,0
3002,variable,,,"OLIVE OIL SOAPS 120gr",1,0,visible,"Our Olive oil Soaps do not contain silicones or other foaming agents (chemicals). They are made with olive oil of exceptional quality, herbal extracts, natural essential oils and cocoa butter for extra foam. Our soaps are prepared with a cold method, for example the oil is not boiled, and therefore its valuable components are not destroyed.","Our Olive oil Soaps do not contain silicones or other foaming agents (chemicals). They are made with olive oil of exceptional quality, herbal extracts, natural essential oils and cocoa butter for extra foam. Our soaps are prepared with a cold method, for example the oil is not boiled, and therefore its valuable components are not destroyed. They contain all the glycerin generated during the process of saponification as well as unsaponifiable oil molecules that cleanse, moisturize and nourish the skin and leave it incredibly soft, shiny and toned. They are antiseptic, anti-fungal and healing to cuts, abrasions and wounds. They clean thoroughly the skin and remove makeup without over-drying or stripping skin of its natural oils. They dissolve excess oil, dirt, and debris and are PH-balanced to maintain skin’s natural balance. The combinations of the herbs are made according to their healing properties for each skin face type.",,,taxable,,1,6,,0,0,0.130,,,,1,,,,"Skincare > Cleansing, Skincare",,,"https://www.ellianaturalcosmetics.com/wp-content/uploads/2020/01/soap120.png, https://www.ellianaturalcosmetics.com/wp-content/uploads/2020/01/soaps1.jpg, https://www.ellianaturalcosmetics.com/wp-content/uploads/2020/01/soaps-scaled.jpg",,,,,,,,,2,"Ellia Natural Cosmetics",Select,"pine\, calendula\, mallow, chamomile, rose-luiza, goat milk and myrrh, lemon\, pomegranate and zamboukos",1,0
3004,variable,,,"OLIVE OIL SOAPS 60gr",1,0,visible,"Our Olive oil Soaps do not contain silicones or other foaming agents (chemicals). They are made with olive oil of exceptional quality, herbal extracts, natural essential oils and cocoa butter for extra foam.","Our Olive oil Soaps do not contain silicones or other foaming agents (chemicals). They are made with olive oil of exceptional quality, herbal extracts, natural essential oils and cocoa butter for extra foam. Our soaps are prepared with a cold method, for example the oil is not boiled, and therefore its valuable components are not destroyed. They contain all the glycerin generated during the process of saponification as well as unsaponifiable oil molecules that cleanse, moisturize and nourish the skin and leave it incredibly soft, shiny and toned. They are antiseptic, anti-fungal and healing to cuts, abrasions and wounds. They clean thoroughly the skin and remove makeup without over-drying or stripping skin of its natural oils. They dissolve excess oil, dirt, and debris and are PH-balanced to maintain skin’s natural balance. The combinations of the herbs are made according to their healing properties for each skin face type.",,,taxable,,1,6,,0,0,0.70,,,,1,,,,"Skincare > Cleansing, Skincare",,,"https://www.ellianaturalcosmetics.com/wp-content/uploads/2020/01/soap60.png, https://www.ellianaturalcosmetics.com/wp-content/uploads/2020/01/soaps-scaled.jpg, https://www.ellianaturalcosmetics.com/wp-content/uploads/2020/01/soaps1.jpg",,,,,,,,,1,"Ellia Natural Cosmetics",Select,"pine\, calendula\, mallow, chamomile, rose-luiza, goat milk and myrrh, lemon\, pomegranate and zamboukos",1,0
3006,simple,,,"MOISTURE SOURCE BALM- Natural moisturizing balm with olive oil and beeswax",1,0,visible,"Moisture source balm  is a Natural moisturizing balm with olive oil and beeswax. This  special oil-cream structure is also  infused with powerful plant oils and an antioxidant complex that has been specifically designed in order to..","Moisture source balm  is a Natural moisturizing balm with olive oil and beeswax. This  special oil-cream structure is also  infused with powerful plant oils and an antioxidant complex that has been specifically designed in order to:\n– Strengthen the skin’s hydrolipidic balance\n– Help address signs of dehydration and premature ageing.\n– Provide the skin with extra nourishment, elasticity and comfort.\n\nWith its rich and highly absorbent texture nourishes deep down and re-establishes the perfect hydrolipidic balance even in the driest and most dehydrated skins. It also strengthens skin cell membranes which help to prevent skin ageing. It soothes the tissue leaving the skin suppler and smoother as well as repairs and protects the skin from damage caused by external aggression, free radicals and UV radiation\n\n<strong>Directions:</strong> Using spatula apply a pearl sized amount and warm between fingertips, apply by gently pressing onto the skin and massage in an up and outwards motion over face, neck and décolletage. Is better to be used as an evening cream or if the weather is cold and the skin very dry with lack of lipids can be used day &amp; night\n\n<b>60ml Jar</b>",,,taxable,,1,7,,0,0,0.165,,,,1,,,40.75,"Skincare > Moisture, Skincare",,,"https://www.ellianaturalcosmetics.com/wp-content/uploads/2020/01/Natural-balm-with-olive-oil-2.jpg, https://www.ellianaturalcosmetics.com/wp-content/uploads/2020/01/natural-moisturizing-balm.jpg, https://www.ellianaturalcosmetics.com/wp-content/uploads/2020/01/natural-noisturizing-balm-for-face.jpg",,,,,,,,,12,"Ellia Natural Cosmetics",INGREDIENTS,"Olea Europaea (Olive) Fruit Oil\, Prunus Amygdalus Dulcis (Sweet Almond) Oil\, Butyrospermum Parkii (Shea) Butter\, Prunus Armeniaca (Apricot) Kernel Oil\, Cera Alba (Beeswax)\, Vitis Vinifera (Grape) Seed Oil\, Papaver Orientale (Poppy) Seed Oil\, Helianthus Annuus (Sunflower) Seed Oil\, Parfum (Fragrance)\, Tocopheryl Acetate\, Tocopherol\, Propolis Extract\, Rosa Damascena Flower Oil\, Geraniol\, Citronellol\, Eugenol\, Linalool\, Citral\, Farnesol.",1,0
3008,simple,,,"MOISTURE SOURCE OIL SERUM - Olive oil serum",1,0,visible,"<span style=""font-size: 16px;""> A unique olive oil serum enriched with rose flower essential oil ,poppies seed oil and other five different herbal oils, phytosqualane and vitamins A and E.</span>","[video width=""720"" height=""1080"" mp4=""https://www.ellianaturalcosmetics.com/wp-content/uploads/2024/01/Copy-0Ab4ffbb-4898-4B3f-A218-F0e024c1d703-1.mp4""][/video]\n\nA unique olive oil serum enriched with rose flower essential oil ,poppies seed oil and other five different herbal oils, phytosqualane and vitamins A and E. This face oil serum is an antioxidant-rich, replenishing serum designed to be absorbed easily and provide the skin with essential fatty acids to help moisturize and protect it.\n\nBenefits of Ellia moisture source Serum:\n– Addresses the signs of dehydration.\n– Helps protect the skin’s barrier with nutrient rich botanicals.\n– Provides extended moisture to keep skin cushioned, fresh and looking radiant.\n\n<strong>Directions:</strong> Use Moisture source Serum, three times a week on its own (like your usual cream), or every day ON the TOP of our 24h antioxidant Hydrator cream or your own moisturizer. Apply 2-3 drops between the fingertips and gently press onto the face and neck . If is used morning we recommend you to apply on the Top of moisture source serum, your usual sun cream.\n\n<b>50ml Bottle</b>",,,taxable,,1,5,,0,0,0.125,,,,1,,,42,"Skincare > Moisture, Skincare",,,"https://www.ellianaturalcosmetics.com/wp-content/uploads/2020/01/Natural-Moisturizing-oil-serum.jpg, https://www.ellianaturalcosmetics.com/wp-content/uploads/2020/01/moisture-serum-face-oil-moisture-treatment-scaled.jpg, https://www.ellianaturalcosmetics.com/wp-content/uploads/2020/01/moisturizing-oil-serum-for-face-with-olive-oil-1.png, https://www.ellianaturalcosmetics.com/wp-content/uploads/2020/01/Moisture-oil-serum.png",,,,,,,,,11,"Ellia Natural Cosmetics",60ml,"Olea Europaea (Olive) Fruit Oil\, Prunus Amygdalus Dulcis (Sweet Almond) Oil\, Prunus Armeniaca (Apricot) Kernel Oil\, Simmondsia Chinensis (Jojoba) Seed Oil\, Vitis Vinifera (Grape) Seed Oil\, Papaver Orientale (Poppy) Seed Oil\, Helianthus Annuus (Sunflower) Seed Oil\, Tocopheryl Acetate\, Squalane\, Parfum (Fragrance)\, Propolis Extract\, Tocopherol\, Rosa Damascena Flower Oil\, Geraniol\, Citronellol\, Retinyl Palmitate\, Ubiquinone\, Glycine Soja Oil\, Zea Mays Oil\, Eugenol\, Linalool\, Citral\, Farnesol.",1,0
3010,simple,,,"YOUTH RESCUER BALM - Natural balm  with olive oil and beeswax",1,0,visible,"Youth Rescuer balm is a special natural balm with olive,prickly pear oil and beeswax which will literally be an ultimate boost for Youth!","[video width=""720"" height=""1080"" mp4=""https://www.ellianaturalcosmetics.com/wp-content/uploads/2020/01/Copy-40F3119c-A817-4963-A289-6194D40abbb7-1.mp4"" loop=""true"" autoplay=""true""][/video]\n\nYouth Rescuer balm is a special natural balm  with olive, prickly pear oil and beeswax which will literally be an ultimate boost for Youth!<span style=""font-size: 16px;""> This special oil balm  structure has been specifically designed in order to: </span>\n\n<span style=""font-size: 16px;"">– Strengthen the skin’s hydrolipidic balance.</span>\n\n– Provide the skin with extra nourishment, elasticity and comfort\n\n– Stimulate cell renewal,\n\n– Revitalize skin,\n\n– Neutralize free radicals and increase skin density for a youthful, smooth glowing complexion\n\n<strong>Directions:</strong> Using spatula apply a pearl sized amount of our natural olive oil balm and warm between fingertips, apply by pressing gently onto the skin and massage in an up and outwards motion over face, neck and décolletage. Is better to be used as an evening cream or if the weather is cold and the skin very dry with lack of lipids can be used day &amp; night\n\n<strong>60ml Jar</strong>",,,taxable,,1,9,,0,0,0.165,,,,1,,,47.60,"Skincare > Prevention, Skincare",,,"https://www.ellianaturalcosmetics.com/wp-content/uploads/2020/01/Natural-balm-with-olive-oil.jpg, https://www.ellianaturalcosmetics.com/wp-content/uploads/2020/01/natural-balm-with-olive-oil0.jpg, https://www.ellianaturalcosmetics.com/wp-content/uploads/2020/01/natural-balm-with-olive-oil1.jpg, https://www.ellianaturalcosmetics.com/wp-content/uploads/2020/01/natural-balm-with-olive-oil3.jpg",,,,,,,,,15,"Ellia Natural Cosmetics",INGREDIENTS,"Olea Europaea (Olive) Fruit Oil\, Prunus Amygdalus Dulcis (Sweet Almond) Oil\, Butyrospermum Parkii (Shea) Butter\, Prunus Armeniaca (Apricot) Kernel Oil\, Cera Alba (Beeswax)\, Vitis Vinifera (Grape) Seed Oil\, Oenothera Biennis Oil\, Helianthus Annuus (Sunflower) Seed Oil\, Tocopheryl Acetate\, Tocopherol\, Citrus Aurantium Amara Flower Oil\, Propolis Extract\, Linalool\, Citrus Limon Peel Oil\, Limonene\, Opuntia Ficus-Indica Extract\, Geraniol\, Citral\, Rosmarinus Officinalis Leaf Extract.",1,0
3012,simple,,,"YOUTH RESCUER OIL SERUM - Antioxidant Oil Serum",1,0,visible,"Α unique natural antioxidant oil serum with olive, prickly pear &amp; rose hip oil. An activator of youth and radiance.","[video width=""720"" height=""1080"" mp4=""https://www.ellianaturalcosmetics.com/wp-content/uploads/2024/01/Copy-F9d85cdc-6131-49Cb-Bad1-96Aa73b9afb4-2-1.mp4"" loop=""true"" autoplay=""true""][/video]\n\nΑ unique natural antioxidant oil serum with olive, prickly pear &amp; rose hip oil. An activator of youth and radiance. Containing other four different precious herbal oils (such as almond ,jojoba &amp; apricot oil), phytosqualane and vitamins A,E,F it performs a powerful regenerating, repairing and detoxifying action and reveals a brighter, younger looking skin.\n– Helps skin to feel more vital, softer and smoother and improves its hydration – Stimulates the skin’s repair processes.\n– Fights the damage caused by free radicals, pollution and the build-up of toxins.\n– Helps retexturize the complexion, strengthen and revitalize skin tissue for a radiant, ageless look!\n\n<strong>Directions:</strong> Use Youth rescuer face oil, three times a week on its own (like your usual cream), or every day ON the TOP of our 24h Youth revive or your own moisturizer. Apply 2-3 drops between the fingertips and gently press onto the face and neck . If is used morning we recommend you to apply your usual sun cream on the Top of Youth Rescuer serum .\n\n<b>50ml Bottle</b>",,,taxable,,1,8,,0,0,0.125,,,,1,,,50,"Skincare > Prevention, Skincare",,,"https://www.ellianaturalcosmetics.com/wp-content/uploads/2020/01/Natural-oil-for-face.webp, https://www.ellianaturalcosmetics.com/wp-content/uploads/2020/01/antioxidant-oil-serum.jpg",,,,,id:2985,id:3010,,,14,"Ellia Natural Cosmetics",INGREDIENTS,"Olea Europaea (Olive) Fruit Oil\, Prunus Amygdalus Dulcis (Sweet Almond) Oil\, Prunus Armeniaca (Apricot) Kernel Oil\, Simmondsia Chinensis (Jojoba) Seed Oil\, Vitis Vinifera (Grape) Seed Oil\, Rosa Moschata (Rose Hip) Seed Oil\, Helianthus Annuus (Sunflower) Seed Oil\, Tocopheryl Acetate\, Squalane\, Linoleic Acid\, Propolis Extract\, Tocopherol\, Oleic Acid\, Citrus Aurantium Amara Flower Oil\, Palmitic Acid\, Linalool\, Stearic Acid\, Citrus Limon Peel Oil\, Limonene\, Retinyl Palmitate\, Opuntia Ficus-Indica Extract\, Ubiquinone\, Glycine Soja Oil\, Zea Mays Oil\, Linolenic Acid\, Geraniol\, Citral\, Rosmarinus Officinalis Leaf Extract.",1,0
3022,simple,,,"Anti hair loss Shampoo with olive",1,0,visible,"Ellia Anti Hair Loss Shampoo with olive leaf and herbs is Specially formulated as an effective anti-hair loss treatment and as a true bath of soothing freshness. Gently cleanses and soothes","Ellia Anti Hair Loss Shampoo with olive leaf and herbs is Specially formulated as an effective anti-hair loss treatment and as a true bath of soothing freshness. Gently cleanses and soothes upon the first application thanks to the peppermint essential oil. Rich in olive leaf,thyme, bioecolia extracts &amp; Lupin protein it improves blood circulation, it reduces irritation and itching to bring softness and suppleness to the scalp. As a result, it makes hair stronger and more resistant and prevents hair loss. Hair is left soft, shiny and easy to manage. Scalp is instantly experiences a lasting Non irritability.\n\n<b>250ml Bottle</b>\n\n&nbsp;",,,taxable,,1,4,,0,0,0.310,,,,1,,,13.99,"Hair care > Anti hair loss shampoo, Hair care",,,"https://www.ellianaturalcosmetics.com/wp-content/uploads/2020/01/Herbal-anti-hair-loss-shampoo.jpg, https://www.ellianaturalcosmetics.com/wp-content/uploads/2020/01/anti-hair-loss-shampo-hair-treatment-scaled.jpg, https://www.ellianaturalcosmetics.com/wp-content/uploads/2020/01/shampoo1-scaled.jpg, https://www.ellianaturalcosmetics.com/wp-content/uploads/2020/01/shampoo-scaled.jpg",,,,,id:3024,id:3026,,,22,"Ellia Natural Cosmetics",INGREDIENTS,"Aqua (Water)\, Sodium Laureth Sulfate\, Cocamidopropyl Betaine\, Glycerin\, Sodium Benzoate\, Parfum (Fragrance)\, Citric Acid\, Potassium Sorbate\, Panthenol\, Polysorbate 20\, Hydrolyzed Lupine Protein\, Sodium Gluconate\, Alpha-Glucan Oligosaccharide\, Olea Europaea Leaf Extract\, Propolis Extract\, Thymus Vulgaris Leaf Extract\, Aloe Barbadensis Leaf Juice Powder\, Mentha Piperita Oil.",1,0
3024,simple,,,"Hair smoothing & restructuring oil 50ml",1,0,visible,"Hair smoothing &amp; restructuring oil is Enriched with six different exceptional oils and provides intense nutrition to dry, damage hair. Olive oil , almond oil, jojoba oil, Abyssinian oil, argan oil,avocado oil and laurel leaf extract are combined to give their extremely","Hair smoothing &amp; restructuring oil is Enriched with six different exceptional oils and provides intense nutrition to dry, damage hair. Olive oil , almond oil, jojoba oil, Abyssinian oil, argan oil,avocado oil and laurel leaf extract are combined to give their extremely nourishing qualities and they deeply restructures the hair, giving exceptional softness and silkiness. Hair is smooth and light, regaining natural softness. Recommendation for use: Apply to wet or dry hair after shampooing by making massage to the edges of your hair and leave it on.",,,taxable,,1,6,,0,0,0.125,,,,1,,,14.75,"Hair care, Hair care > Hair oils",,,"https://www.ellianaturalcosmetics.com/wp-content/uploads/2020/01/Hair-smoothing-oil-1.jpg, https://www.ellianaturalcosmetics.com/wp-content/uploads/2020/01/hair-oil1-hair-treatment.jpg, https://www.ellianaturalcosmetics.com/wp-content/uploads/2020/01/hair-oil-50ml.jpg, https://www.ellianaturalcosmetics.com/wp-content/uploads/2020/01/hair-oil-50ml1.jpg",,,,,,,,,23,"Ellia Natural Cosmetics",INGREDIENTS,"Isododecane\, Hydrogenated Tetradecenyl/Methylpentadecene\, Ethylhexyl Palmitate\, Dicaprylyl Ether\, Neopentyl Glycol Diheptanoate\, Olea Europaea (Olive) Fruit Oil\, Argania Spinosa (Argan) Kernel oil\, Crambe Abyssinica Seed Oil\, Prunus Amygdalus Dulcis (Sweet Almond) Oil\, Simmondsia Chinensis (Jojoba) Seed Oil\, Helianthus Annuus (Sunflower) Seed Oil\, Tocopherol\, Laurus Nobilis Leaf Extract\, Rosmarinus Officinalis Leaf Oil\, Limonene\, Linalool.",1,0
3026,simple,,,"Hair  smoothing & restructuring oil 100ml",1,0,visible,"Hair smoothing &amp; restructuring oil is Enriched with six different exceptional oils and provides intense nutrition to dry, damage hair. Olive oil , almond oil, jojoba oil, Abyssinian oil, argan oil,avocado oil and laurel leaf extract are combined to give their extremely","Hair smoothing &amp; restructuring oil is Enriched with six different exceptional oils and provides intense nutrition to dry, damage hair. Olive oil , almond oil, jojoba oil, Abyssinian oil, argan oil,avocado oil and laurel leaf extract are combined to give their extremely nourishing qualities and they deeply restructures the hair, giving exceptional softness and silkiness. Hair is smooth and light, regaining natural softness. Recommendation for use: Apply to wet or dry hair after shampooing by making massage to the edges of your hair and leave it on.\n\n100ml botle",,,taxable,,1,7,,0,0,0.220,,,,1,,,24.50,"Hair care, Hair care > Hair oils",,,"https://www.ellianaturalcosmetics.com/wp-content/uploads/2020/01/Hair-smoothing-oil.jpg, https://www.ellianaturalcosmetics.com/wp-content/uploads/2020/01/hair-treatment-100ml-oil.jpg, https://www.ellianaturalcosmetics.com/wp-content/uploads/2020/01/hair-oils.jpg",,,,,,,,,24,"Ellia Natural Cosmetics",INGREDIENTS,"Isododecane\, Hydrogenated Tetradecenyl/Methylpentadecene\, Ethylhexyl Palmitate\, Dicaprylyl Ether\, Neopentyl Glycol Diheptanoate\, Olea Europaea (Olive) Fruit Oil\, Argania Spinosa (Argan) Kernel oil\, Crambe Abyssinica Seed Oil\, Prunus Amygdalus Dulcis (Sweet Almond) Oil\, Simmondsia Chinensis (Jojoba) Seed Oil\, Helianthus Annuus (Sunflower) Seed Oil\, Tocopherol\, Laurus Nobilis Leaf Extract\, Rosmarinus Officinalis Leaf Oil\, Limonene\, Linalool.",1,0
3028,simple,,,"HELIOS CREAM",1,0,visible,"<span style=""font-size: 16px; font-style: normal; font-weight: 400;"">Helios cream it is a super-soft olive leaf extract sun</span><span style=""font-size: 16px; font-style: normal; font-weight: 400;"">screen spf 50 with  hyaluronic acid that immed</span><span style=""font-size: 16px;"">iat</span><span style=""font-size: 16px;"">ely absorbed from the skin leaving a feeling of well-being. </span>","<span style=""font-size: 16px; font-style: normal; font-weight: 400;"">Helios cream it is a super-soft olive leaf extract sun</span><span style=""font-size: 16px; font-style: normal; font-weight: 400;"">screen spf 50 with  hyaluronic acid that immed</span><span style=""font-size: 16px;"">iat</span><span style=""font-size: 16px;"">ely absorbed from the skin leaving a feeling of well-being. Containing organic almond oil, and a dynamic combination of cotton extract, Olive leaf extract, propolis extract, lavender, hyaluronic, vitamin E &amp; aloe, provides you the Best DNA protection formula you could Ever have for your skin! Ideal even for the Most sensitive skins AND CHILDREN over 3 years old!!</span>\n\n<strong>60ml bottle</strong>",,,taxable,,1,11,,0,0,0.160,,,,1,,,25.50,"Sun cream","#sunscreen #oliveoilsunscreen",,"https://www.ellianaturalcosmetics.com/wp-content/uploads/2020/01/Natural-suncream.jpg, https://www.ellianaturalcosmetics.com/wp-content/uploads/2020/01/sun-protection.jpg, https://www.ellianaturalcosmetics.com/wp-content/uploads/2020/01/sun-protection2.jpg, https://www.ellianaturalcosmetics.com/wp-content/uploads/2020/01/sun-protection1.jpg",,,,,,,,,7,"Ellia Natural Cosmetics",INGREDIENTS,"Aqua \, Octocrylene\, Caprylic / Capric Triglyceride\, Titanium Dioxide\, Ethylhexyl Methoxycinnamate\,Cetearyl Alcohol\, Butyl Methoxydibenzoylmethane\, Ceteareth-20\, Bis-Ethylhexyloxyphenol Methoxyphenyl Triazine\, Dicaprylyl Carbonate\, Ethylhexyl Salicylate\, Glycerin\, Cocoglycerides\, Stearyl Alcohol\, Prunus Amygdalus Dulcis (Sweet Almond Oil) \, Cyclopentasiloxane\,  Parfum\, Phenoxyethanol\, Sodium Stearoyl Glutamate\, Tocopheryl Acetate\, Panthenol\, Cyclohexasiloxane\, Caprylyl Glycol\, Sodium Cetearyl Sulfate \, Prunus Amygdalus Dulcis (Sweet Almond) Seed Extract\, Sodium Hyaluronate\, Gossypium Hirsutum (Cotton) Extract\, Olive Leaf Extract\, Lavandula Angustifolia ( Lavender) Oil\, Ethylhexylglycerine\, Polyhydroxystearic Acid \,  Aluminium Stearate ",1,0
3031,simple,,,"Shower gel with olive oil",1,0,visible,"Awaken your senses with the Up lifting Shower Gel from Ellia natural cosmetics. The energizing body wash blends lively notes of Geranium and Grapefruit oils. Infused with Olive leaf","Awaken your senses with the Up lifting Shower Gel from Ellia natural cosmetics. The energizing body wash blends lively notes of Geranium and Grapefruit oils. Infused with Olive leaf extract, Aloe Vera, Propolis, glycerin and panthenol delivers hydration to the body, softening and calming the skin. The body is refreshed, hydrated and revitalized with an Up lifting fragrance. Ideal to use for all the family\n\n<strong>Key Benefits:</strong> – Mild and antioxidant\n– Deeply cleanses skin without drying\n– Rich in pure organic botanicals\n– Free from harsh chemicals\n\n250ml",,,taxable,,1,7,,0,0,0.310,,,,1,,,10.90,"Body Care, Body Care > Shower gel",,,"https://www.ellianaturalcosmetics.com/wp-content/uploads/2020/01/Natural-shower-gel.jpg, https://www.ellianaturalcosmetics.com/wp-content/uploads/2020/01/up-lifting-shower-gel-body-treatment1-scaled.jpg, https://www.ellianaturalcosmetics.com/wp-content/uploads/2020/01/shower-gel-body-care-scaled.jpg, https://www.ellianaturalcosmetics.com/wp-content/uploads/2020/01/up-lifting-shower-gel-body-lotion.jpg",,,,,,,,,33,"Ellia Natural Cosmetics",INGREDIENTS,"Aqua (Water)\, Sodium Laureth Sulfate\, Cocamidopropyl Betaine\, Glycerin\, Panthenol\, Sodium Benzoate\, Citric Acid\, Potassium Sorbate\, Limonene\, Sodium Gluconate\, Chlorphenesin\, Allantoin\, Citrus Grandis Peel Oil\, Olea Europaea Leaf Extract\, Aloe Barbadensis Leaf Juice Powder\, Pelargonium Graveolens Oil\, Propolis Extract\, Citronellol\, Geraniol\, Linalool\, Citral.",1,0
3034,simple,,,"Shower Gel with olive oil",1,0,visible,"Relax the senses whilst losing yourself in the gentle lather of the Soul soothing Shower Gel from Ellia natural cosmetics. This luxurious formula is designed to cleanse the body whilst","Relax the senses whilst losing yourself in the gentle lather of the Soul soothing Shower Gel from Ellia natural cosmetics. This luxurious formula is designed to cleanse the body whilst enveloping skin in the calming scent of lavender and myrrh. Enriched with mild foaming agents such as Sodium Laureth Sulfate and Cocamidopropyl Betaine the shower gel is able to cleanse the skin without the risk of irritation. A luxurious blend of Olive leaf extract, Aloe Vera, Propolis, glycerin and panthenol delivers hydration to the body, softening and calming the skin. Ideal to use for All the family\n\n<strong>Key Benefits:</strong> – Mild and antioxidant\n– Deeply cleanses skin without drying\n– Rich in pure organic botanicals\n– Free from harsh chemicals\n\n250ml",,,taxable,,1,8,,0,0,0.310,,,,1,,,10.90,"Body Care, Body Care > Shower gel",,,"https://www.ellianaturalcosmetics.com/wp-content/uploads/2020/01/Natural-shower-gel-for-sensitive-skin.jpg, https://www.ellianaturalcosmetics.com/wp-content/uploads/2020/01/body-care-general1-scaled.jpg, https://www.ellianaturalcosmetics.com/wp-content/uploads/2020/01/soul-soothing-shower-gel-body-treatments.jpg, https://www.ellianaturalcosmetics.com/wp-content/uploads/2020/01/super-restorative-body-lotion-shower-gel.jpg",,,,,,,,,34,"Ellia Natural Cosmetics",INGREDIENTS,"Aqua (Water)\, Sodium Laureth Sulfate\, Cocamidopropyl Betaine\, Glycerin\, Panthenol\, Parfum (Fragrance)\, Sodium Benzoate\, Citric Acid\, Potassium Sorbate\, Sodium Gluconate\, Chlorphenesin\, Allantoin\, Lavandula Angustifolia (Lavender) Oil\, Olea Europaea Leaf Extract\, Aloe Barbadensis Leaf Juice Powder\, Linalool\, Propolis Extract.",1,0
3036,simple,,,"Super restorative body lotion with olive oil",1,0,visible,"A super restorative body lotion with olive oil and beeswax.This innovative rich in nourishing ingredients and at the same time lightweight in texture lotion, is featured by the uplifting scent of grapefruit and geranium","A super restorative body lotion with olive oil and beeswax.This innovative rich in nourishing ingredients and at the same time lightweight in texture lotion, is featured by the uplifting scent of grapefruit and geranium and is able to restore lost of moisture and to leave skin smooth, supple and glowing. It is extremely beneficial to the skin, giving it an immediate sensation of comfort and freshness. It contains organic Olive oil and natural ingredients which rebuild the skin’s protective barrier with the beeswax and propolis and supplies to the sensitive skin with extra hydration, softness and wellbeing. The formula is enriched with a high percentage of hyaluronic acid and a mixture of glycerin, allantoin and panthenol, which guarantee an intense softening, refreshing and anti-redness effect.\n\n<strong>Directions: </strong>Apply Ellia’s body lotion after bath or shower or anytime, as often as necessary. Gently massage this rich lotion into dry body areas. Ellia’s thick, elegant non-greasy formulation will be absorbed by the dry skin tissues, leaving skin soft, smooth and beautifully moisturized.\n\n250ml",,,taxable,,1,9,,0,0,0.310,,,,1,,,22.50,"Body Care, Body Care > Body lotion",,,"https://www.ellianaturalcosmetics.com/wp-content/uploads/2020/01/Natural-body-lotion-with-olive-oil-2.jpg, https://www.ellianaturalcosmetics.com/wp-content/uploads/2020/01/up-lifting-body-lotion.jpg, https://www.ellianaturalcosmetics.com/wp-content/uploads/2020/01/body-lotion-with-olive-oil-and-beeswax.jpg, https://www.ellianaturalcosmetics.com/wp-content/uploads/2020/01/up-lifting-shower-gel-body-treatments-1.jpg",,,,,,,,,35,"Ellia Natural Cosmetics",INGREDIENTS,"Aqua (Water)\, Olea Europaea (Olive) Fruit Oil\, Glycerin\, Caprylic/Capric Triglyceride\, Cetearyl Alcohol\, Glyceryl Stearate\, Stearyl Alcohol\, Cera Alba (Beeswax)\, Panthenol\, Potassium Cetyl Phosphate\, Maltol\, Tocopheryl Acetate\, Allantoin\, Xanthan Gum\, Carbomer\, Limonene\, Tocopherol\, Sodium Gluconate\, Citrus Grandis Peel Oil\, Propolis Extract\, Helianthus Annuus (Sunflower) Seed Oil\, Aloe Barbadensis Leaf Juice Powder\, Sodium Hyaluronate\, Polyquaternium-80\, Sodium Hydroxide\, Pelargonium Graveolens Oil\, Dipotassium Phosphate\, Citronellol\, Geraniol\, Linalool\, Citric Acid\, Citral\, Sodium Benzoate\, Potassium Sorbate.",1,0
3038,simple,,,"Super restorative body lotion with olive oil",1,0,visible,"A super restorative body lotion with olive oil and beeswax.This innovative rich in nourishing ingredients and at the same time lightweight in texture lotion, is featured by the calming scent of lavender and myrrh and is able to restore","A super restorative body lotion with olive oil and beeswax.This innovative rich in nourishing ingredients and at the same time lightweight in texture lotion, is featured by the calming scent of lavender and myrrh and is able to restore lost of moisture and to leave skin smooth, supple and glowing. It is extremely beneficial to the skin, giving it an immediate sensation of comfort and freshness. It contains organic Olive oil and natural ingredients which rebuild the skin’s protective barrier with the beeswax and propolis and supplies to the sensitive skin with extra hydration, softness and wellbeing. The formula is enriched with a high percentage of hyaluronic acid and a mix of glycerin, allantoin and panthenol, which guarantee an intense softening, refreshing and anti-redness effect.\n\n<strong>Directions: </strong>Apply Ellia’s body lotion after bath or shower or anytime, as often as necessary. Gently massage this rich lotion into dry body areas. Ellia’s thick, elegant non-greasy formulation will be absorbed by the dry skin tissues, leaving skin soft, smooth and beautifully moisturized.\n\n250ml",,,taxable,,1,6,,0,0,0.310,,,,1,,,22.50,"Body Care, Body Care > Body lotion",,,"https://www.ellianaturalcosmetics.com/wp-content/uploads/2020/01/Natural-body-lotion-with-olive-oil.jpg, https://www.ellianaturalcosmetics.com/wp-content/uploads/2020/01/super-restorative-body-lotion-soul-soothing-formulasoul-soothing-shower-gel-scaled.jpg, https://www.ellianaturalcosmetics.com/wp-content/uploads/2020/01/super-restorative-body-lotion-body-tretment.jpg, https://www.ellianaturalcosmetics.com/wp-content/uploads/2020/01/soul-soothing-shower-gel-body-lotion.jpg",,,,,,,,,36,"Ellia Natural Cosmetics",INGREDIENTS,"Aqua (Water)\, Olea Europaea (Olive) Fruit Oil\, Glycerin\, Caprylic/Capric Triglyceride\, Cetearyl Alcohol\, Glyceryl Stearate\, Stearyl Alcohol\, Cera Alba (Beeswax)\, Panthenol\, Potassium Cetyl Phosphate\, Maltol\, Tocopheryl Acetate\, Allantoin\, Parfum (Fragrance)\, Xanthan Gum\, Carbomer\, Tocopherol\, Sodium Gluconate\, Propolis Extract\, Helianthus Annuus (Sunflower) Seed Oil\, Aloe Barbadensis Leaf Juice Powder\, Sodium Hyaluronate\, Lavandula Angustifolia (Lavender) Oil\, Polyquaternium-80\, Sodium Hydroxide\, Linalool\, Dipotassium Phosphate\, Limonene\, Citric Acid\, Sodium Benzoate\, Potassium Sorbate.",1,0
3044,simple,,,"Olive oil Body Scrub",1,0,visible,"Ellia olive oil Body scrub is The essential first step to achieve a youthful-looking body.This refreshing","Ellia olive oil Body scrub is The essential first step to achieve a youthful-looking body.This refreshing, moisturizing and exfoliating treatment (with smoothing Himalayan salt as granules) ‘rubs away’ rough, flaky surface cells and impurities, giving skin a sleek new start. Also, prepares skin for the treatment that follows.\n\n• Polishes and softens the skin\n• Stimulates skin cell renewal\n• Restores skin lost elasticity and diminishes the look of flaky skin\n\n<strong>Key Ingredients: </strong>– Organic Olive oil\n– Naturally Derived Exfoliants: Sugar &amp; Himalayan salt\n– Lavender &amp; rosemary\n– Bees wax, Shea butter,Aloe Vera &amp; Propolis\n\n<strong>Directions:</strong> Dry or Wet skin in the shower. Apply a small amount of Ellia’s olive oil Body Scrub to the area to be exfoliated and gently massage in upward, circular motions. Rinse or remove with a wet cloth. For optimal skin hydration, dry your skin  after shower and immediately apply Ellia’s Body lotion  or body creams of your choice\n\n100ml Jar",,,taxable,,1,6,,0,0,0.300,,,,1,,,22,"Body Care, Body Care > Body cream, Body Care > Body scrub","#oliveoilbodyscrub #bodyscrub",,"https://www.ellianaturalcosmetics.com/wp-content/uploads/2020/01/bodyscrub-1.png, https://www.ellianaturalcosmetics.com/wp-content/uploads/2020/01/body-tretment-scrub-scaled.jpg, https://www.ellianaturalcosmetics.com/wp-content/uploads/2020/01/body-scrub-1.jpg, https://www.ellianaturalcosmetics.com/wp-content/uploads/2020/01/body-scrub-100ml.jpg",,,,,,,,,28,"Ellia Natural Cosmetics",,,,
3049,simple,,,"Body Cream with olive oil Oh my Cyprus morning",1,0,visible,"Body cream with olive oil and beeswax.A  richly nourishing formula that gives instantly a silky smooth skin and helps it  retain its moisture for longer.","Body cream with olive oil and beeswax.A  richly nourishing formula that gives instantly a silky smooth skin and helps it  retain its moisture for longer.  Our formula is also enriched with rosmarine extract, vitamin E, glycerin from herbs, propoli and aloe. Its unique smell with essential oil  vanilla and strawberry will help you to unwind your tired mind and create the desire to follow your heart like a promising wake up morning in Cyprus!\n\n100ml Jar",,,taxable,,1,6,,0,0,0.300,,,,1,,,22.50,"Body Care, Body Care > Body cream",,,"https://www.ellianaturalcosmetics.com/wp-content/uploads/2020/01/Natural-body-cream-with-olive-oil-1.jpg, https://www.ellianaturalcosmetics.com/wp-content/uploads/2020/01/body-cream-with-olive-oil-2.png, https://www.ellianaturalcosmetics.com/wp-content/uploads/2020/01/body-cream-with-olive-oil-4.png, https://www.ellianaturalcosmetics.com/wp-content/uploads/2020/01/body-cream-with-olive-oil-3.png, https://www.ellianaturalcosmetics.com/wp-content/uploads/2020/01/body-creams.jpg",,,,,,,,,29,"Ellia Natural Cosmetics",INGREDIENTS,"AQUA\,OLEA EUROPA(OLIVE) FRUIT OIL\, GLYCERIN\, CETEARYL ALCOHOL\, CETEARYL WHEAT STRAW GLYCOSIDES\, ALOE BARBADENSIS LEAF JUICE\, GLYCERYL STEARATE\,PANTHENOL\,ALCOHOL\,MYRISTYL MYRISTATE\,POTASSIUM CETYL PHOSPHATE\, CERA ALBA\,BENZYL ALCOHOL\,PARFUM\,ALLANTOIN\, HELIANTHUS ANNUUS SEED OIL\,TOCOPHEROL\,POTASSIUM SORBATE\, XANTHAN GUM\, ROSMARINUS OFFICINALIS LEAF EXTRACT\,SODIUM GLUCONATE\, PROPOLIS EXTRACT\,DEHYDROACETIC ACID\,HYDROXYCITRONELLAL\, BENZYL SALICYLATE\, LYRAL\, BUTYLPHENYL METHYLPROPIONAL\,LINALLOL\, BENZYL BENZOATE\,LIMONENE",1,0
3053,simple,,,"Body Cream  with olive oil - sensual nights",1,0,visible,"A Natural Body cream with olive oil and beeswax.A a richly nourishing formula that gives instantly a silky smooth skin and helps it  retain its moisture for longer.","A Natural Body cream with olive oil and beeswax.A  richly nourishing formula that gives instantly a silky smooth skin and helps it  retain its moisture for longer.  Our formula is also enriched with vitamin E, glycerin from herbs, propoli and aloe. Its a warming and calming  smell with vanilla,sandalwood &amp; myrrh it has been choosen so to help give rise to passion, sexuality and the touch as a form of communication, to helps us create emotional bonds and the desire to follow our hearts, heal emotional conflicts, over sensitivity, bitterness, hostility, insincerity, and resentment. It gives rise to being unselfish and truly understanding what is required to be in a balanced partnership. <a href=""https://www.consciouslifestylemag.com/22-essential-oils-for-chakras/"">https://www.consciouslifestylemag.com/22-essential-oils-for-chakras/</a>\n\n100ml jar\n\n&nbsp;",,,taxable,,1,5,,0,0,0.300,,,,1,,,22.50,"Body Care, Body Care > Body cream",,,"https://www.ellianaturalcosmetics.com/wp-content/uploads/2020/01/Body-cream-with-olive-oil-1.jpg, https://www.ellianaturalcosmetics.com/wp-content/uploads/2020/01/natural-body-cream.png, https://www.ellianaturalcosmetics.com/wp-content/uploads/2020/01/natural-body-cream-3.png, https://www.ellianaturalcosmetics.com/wp-content/uploads/2020/01/natural-body-cream-2.png",,,,,,,,,32,"Ellia Natural Cosmetics",INGREDIENTS,"AQUA\,OLEA EUROPA(OLIVE) FRUIT OIL\, GLYCERIN\, CETEARYL ALCOHOL\, CETEARYL WHEAT STRAW GLYCOSIDES\, ALOE BARBADENSIS LEAF JUICE\, GLYCERYL STEARATE\,PANTHENOL\,ALCOHOL\,MYRISTYL MYRISTATE\,POTASSIUM CETYL PHOSPHATE\, CERA ALBA\,BENZYL ALCOHOL\,PARFUM\,ALLANTOIN\, HELIANTHUS ANNUUS SEED OIL\,TOCOPHEROL\,POTASSIUM SORBATE\, XANTHAN GUM\, ROSMARINUS OFFICINALIS LEAF EXTRACT\,SODIUM GLUCONATE\, PROPOLIS EXTRACT\,DEHYDROACETIC ACID\,HYDROXYCITRONELLAL\, BENZYL SALICYLATE\, LYRAL\, BUTYLPHENYL METHYLPROPIONAL\,LINALLOL\, BENZYL BENZOATE\,LIMONENE",1,0
3055,simple,,,"Body Cream with Olive oil - Tae's dream",1,0,visible,"Natural Body cream with olive oil and beeswax.A a richly nourishing formula that gives instantly a silky smooth skin and helps it to retain its moisture for longer.","Natural Body cream with olive oil and beeswax.A a richly nourishing formula that gives instantly a silky smooth skin and helps it  retain its moisture for longer.  Our formula is extra enriched with vitamin E, glycerin from herbs, propoli and aloe. Its unique smell with orange jasmine gives a note of  spiritual abundance and well being. The name was inspired from Tae,the only woman general of Alexander the Great's army who helped him visualize organize and take over his battles!\n\n100ml jar",,,taxable,,1,10,,0,0,0.300,,,,1,,,22.50,"Body Care, Body Care > Body cream",,,"https://www.ellianaturalcosmetics.com/wp-content/uploads/2020/01/Body-cream-with-olive-oil-2.jpg, https://www.ellianaturalcosmetics.com/wp-content/uploads/2020/01/body-cream-with-olive-oil-2-1.png, https://www.ellianaturalcosmetics.com/wp-content/uploads/2020/01/body-cream-with-olive-oil-3-1.png, https://www.ellianaturalcosmetics.com/wp-content/uploads/2020/01/body-crem-with-olive-oil.png, https://www.ellianaturalcosmetics.com/wp-content/uploads/2020/01/body-creams.jpg",,,,,,,,,30,"Ellia Natural Cosmetics",INGREDIENTS,"AQUA\,OLEA EUROPA(OLIVE) FRUIT OIL\, GLYCERIN\, CETEARYL ALCOHOL\, CETEARYL WHEAT STRAW GLYCOSIDES\, ALOE BARBADENSIS LEAF JUICE\, GLYCERYL STEARATE\,PANTHENOL\,ALCOHOL\,MYRISTYL MYRISTATE\,POTASSIUM CETYL PHOSPHATE\, CERA ALBA\,BENZYL ALCOHOL\,PARFUM\,ALLANTOIN\, HELIANTHUS ANNUUS SEED OIL\,TOCOPHEROL\,POTASSIUM SORBATE\, XANTHAN GUM\, ROSMARINUS OFFICINALIS LEAF EXTRACT\,SODIUM GLUCONATE\, PROPOLIS EXTRACT\,DEHYDROACETIC ACID\,HYDROXYCITRONELLAL\, BENZYL SALICYLATE\, LYRAL\, BUTYLPHENYL METHYLPROPIONAL\,LINALLOL\, BENZYL BENZOATE\,LIMONENE",1,0
3057,simple,,,"Hand cream with olive oil",1,0,visible,"Ellia Hand cream with olive oil and beeswax is a rich in texture nourishing Hand and Nail cream that softens,\n\n&nbsp;","Ellia Hand cream with olive oil and beeswax is a rich in texture nourishing Hand and Nail cream that softens, nourishes, disinfects and restores balance in damaged hands. It is So effective that it can be used by builders! It is as miraculous as a facial cream.\n\n75ml pot\n\n&nbsp;",,,taxable,,1,10,,0,0,0.100,,,,1,,,13.50,"Body Care, Body Care > Body cream",,,"https://www.ellianaturalcosmetics.com/wp-content/uploads/2020/01/Hand-cream-with-olive-oil-1.jpg, https://www.ellianaturalcosmetics.com/wp-content/uploads/2020/01/hand-cream-with-olive-oil-2.jpg, https://www.ellianaturalcosmetics.com/wp-content/uploads/2020/01/Hand-cream-with-olive-oil1-2.jpg",,,,,id:3044,id:3171,,,27,"Ellia Natural Cosmetics",INGREDIENTS,"AQUA\,OLEA EUROPA(OLIVE) FRUIT OIL\, GLYCERIN\, CETEARYL ALCOHOL\, CETEARYL WHEAT STRAW GLYCOSIDES\, PANTHENOL\, ALOE BARBADENSIS LEAF JUICE\, GLYCERYL STEARATE\, ALCOHOL\, POTASSIUM CETYL PHOSPHATE\, MYRISTYL MYRISTATE\, CERA ALBA\,BENZYL ALCOHOL\, ALLANTOIN\, HELIANTHUS ANNUUS SEED OIL\, PARFUM\, TOCOPHEROL\,POTASSIUM SORBATE\, XANTHAN GUM\, AROMA\,ROSMARINUS OFFICINALIS LEAF EXTRACT\,PROPOLIS EXTRACT\, SODIUM GLUCONATE\,DEHYDROACETIC ACID\,AMYL CINNAMAL\, CINNAMIL ALCOHOL\, CITRAL\, HYDROXYCITRONELLAL\, ISOEUGENOL\, COUMARIN\, GERANIOL\, LINALOOL\, CITRONELLOL\, LIMONENE",1,0
3164,simple,,,"Natural healing balm - SOS Balm",1,0,visible,"SOS Balm! A Natural healing balm offering The Most Natural solution for multiple PURPOSES!","SOS Balm! A Natural healing balm offering The Most Natural solution for multiple PURPOSES!  An Ultra-rich in texture, balm that restores the skin's barrier function and comfort. Directly targets, redness and irritation by nourishing and restoring dryness and re-balancing the skin flora. Ideal for Ekzemas, psoriasis, Burning s, diaper change,skin with fungus. An olive oil cream Formulated with propolis extract, chamomile oil, turmeric oil, sacha inci oil, beeswax and shea butter: immediate nourishes, softens, soothes, calms and stimulates skin defenses.\n\n60ml Jar\n\n&nbsp;",,,taxable,,1,3,,0,0,0.165,,,,1,,,17.75,"Unique use products > SOS balm, Unique use products",,,"https://www.ellianaturalcosmetics.com/wp-content/uploads/2020/01/natural-healing-balm3.jpg, https://www.ellianaturalcosmetics.com/wp-content/uploads/2020/01/natural-healing-balm0.jpg, https://www.ellianaturalcosmetics.com/wp-content/uploads/2020/01/natural-healing-balm2.jpg, https://www.ellianaturalcosmetics.com/wp-content/uploads/2020/01/natural-healing-balm1-.jpg",,,,,,,,,6,"Ellia Natural Cosmetics",INGREDIENTS,"Olea Europaea (Olive) Fruit Oil\, Prunus Amygdalus Dulcis (Sweet Almond) Oil\, Butyrospermum Parkii (Shea) Butter\, Prunus Armeniaca (Apricot) Kernel Oil\, Cera Alba (Beeswax)\, Caprylic/Capric Triglyceride\, Vitis Vinifera (Grape) Seed Oil\, Plukenetia Volubilis Seed Oil\, Chamomilla Recutita (Matricaria) Flower Extract\, Hypericum Perforatum Flower/Leaf/Stem Extract\, Helianthus Annuus (Sunflower) Seed Oil\, Curcuma Longa Root Extract\, Tocopheryl Acetate\, Tocopherol\, Helichrysum Italicum Flower Extract\, Citrus Aurantium Dulcis Peel Oil Expressed\, Limonene\, Propolis Extract\, Lavandula Hybrida Oil\, Bisabolol\, Cinnamomum Zeylanicum Bark Oil\, Citronellol\, Cinnamal\, Linalool\, Azulene.",1,0
3169,simple,,,"Anti aging cream with olive oil - 24H ULTIMATE RECOVERY",1,0,visible,"Αn anti-aging cream with olive oil &amp; herbs.Our 24h Ultimate recovery cream  offers potent ingredients in a light, buttery cream that smells divine!","Αn anti-aging cream with olive oil &amp; herbs. Our 24h Ultimate recovery cream  offers potent ingredients in a light, buttery cream that smells divine! It combines the unique anti-aging properties of everlasting immortelle flower with the boosted effectiveness of saint john's wort flower the enhancement of vitamins f, E and aletocollagen which are  penetrating deep into the skin to help reduce lines and wrinkles. It also contains Agave to tighten and firm skin as soon as you apply and 3 Different weight hyalouronic acid  to pump long-lasting hydration into the deepest layers of the skin. Incredibly gentle to the skin yet powerfully effective, this extraordinary anti-ageing, anti wrinkle cream with olive  provides magnificent day-long moisturizing hydration whilst simultaneously reducing the appearance of facial imperfections. Can be used day<wbr /> or night, face &amp; eyes\n\n60ml Jar\n\n&nbsp;\n\n&nbsp;\n\n&nbsp;",,,taxable,,1,3,,0,0,0.165,,,,1,,,49.75,"Skincare > Antiageing, Skincare",,,"https://www.ellianaturalcosmetics.com/wp-content/uploads/2021/06/Natural-anti-wrinkle-cream-with-olive-oil.jpg, https://www.ellianaturalcosmetics.com/wp-content/uploads/2021/06/anti-aging-cream-with-olive-oil-3.png, https://www.ellianaturalcosmetics.com/wp-content/uploads/2021/06/anti-aging-cream-with-olive-oil-4.png, https://www.ellianaturalcosmetics.com/wp-content/uploads/2021/06/anti-aging-cream-with-olive-oil-5.png, https://www.ellianaturalcosmetics.com/wp-content/uploads/2020/01/89655827_144321630218239_6049732358658064384_n.jpg, https://www.ellianaturalcosmetics.com/wp-content/uploads/2020/01/90491484_228047145013014_1854737989909872640_n-1.jpg, https://www.ellianaturalcosmetics.com/wp-content/uploads/2020/01/90553395_204051077605537_246512791869980672_n.jpg",,,,,"id:4909, id:2995, id:2997",,,,16,"Ellia Natural Cosmetics",INGREDIENTS,"Water (Aqua)\, Hamamelis Virginiana Leaf Water\, Glycerin\, Olea Europaea (Olive) Fruit Oil\, Cetearyl Alcohol\, Ethylhexyl Palmitate\, Glyceryl Stearate\, Butyrospermum Parkii (Shea) Butter\, Prunus Amygdalus Dulcis (Sweet Almond) Oil\, Caprylic/Capric Triglyceride\, Lavandula Angustifolia (Lavender) Oil\, Tocopheryl Acetate\, Citrus Aurantium Amara (Bitter Orange) Flower Oil\, Maltol\, Hypericum Perforatum Flower/Leaf/Stem Extract\, Linoleic Acid\, Carbomer\, Prunus Amygdalus Dulcis (Sweet Almond) Seed Extract\, Allantoin\, Helichrysum Italicum Flower Extract\, Propylene Glycol\, Diazolidinyl Urea\, Sodium Benzoate\, Potassium Sorbate\, Sodium Gluconate\, Polyquaternium-80\, Phenoxyethanol\, Oleic Acid\, Sodium Citrate\, Agave Americana Leaf Extract\, Sodium Hydroxide\, Sodium Hyaluronate\, Linalool\, Palmitic Acid\, Atelocollagen\, Tocopherol\, Stearic Acid\, Ethylhexylglycerin\, Limonene\, Linolenic Acid\, Iodopropynyl Butylcarbamate.",1,0
3171,simple,,,"Natural herbal Cleansing Gel",1,0,visible,"A natural herbal cleansing gel for face, body &amp; hair with nettle, rosemary ,olive leaf extract,laurel leaf oil &amp; prebiotics. This  plant-based Wash, is a pure Product formulated to promote a naturally healthy skin and scalp.","<p style=""font-weight: 400;"">A natural herbal cleansing gel for face, body &amp; hair with nettle, rosemary ,olive leaf extract,laurel leaf oil &amp; prebiotics. This  plant-based Wash, is a pure Product formulated to promote a naturally healthy skin and scalp . Made with pre-biotics support your skin’s natural good bacteria. Further more the extracts from nettle, rosemary ,olive leaf  and the laurel leaf oil, is a formula that Will Not just help you with their anti-inflammatory properties of the herbs or by maintaining a healthy skin pH or by softening dry skin. But it will be overall an excellent tonic wash for hair and scalp helping to strengthen the hair. Nettle and rosemary are known for their clarifying properties.</p>\nFree from all bad chemicals, This sulfate free wash It's safe to be used EVEN from new born babes and   the whole family\n100% natural, gluten free &amp; vegan\nBottle 250ml.",,,taxable,,1,6,,0,0,0.320,,,,1,,,13.99,"Unique use products > Herbal wash, Unique use products",,,"https://www.ellianaturalcosmetics.com/wp-content/uploads/2020/01/Natural-herbal-cleansing-gel.jpg, https://www.ellianaturalcosmetics.com/wp-content/uploads/2020/01/herbal-cleansing-gel.jpg",,,,,"id:2985, id:4905, id:3000",id:3022,,,8,"Ellia Natural Cosmetics",Ingredients,"Aqua (Water)\, Disodium Laureth Sulfosuccinate\, Cocamidopropyl Betaine\, Lauryl Glucoside\, Glycerin\, Betaine\, Myristyl Lactate\, Caprylyl/Capryl Glucoside\, Sodium Benzoate\, Panthenol\, Potassium Sorbate\, Sodium Chloride\, Citric Acid\, Rosmarinus Officinalis Leaf Oil\, Alpha-Glucan Oligosaccharide\, Helianthus Annuus Seed Oil\, Urtica Dioica Leaf Extract\, Sodium Gluconate\, Rosmarinus Officinalis Leaf Extract\, Olea Europaea Leaf Extract\, Laurus Nobilis Leaf Extract\, Limonene.",1,0
3638,variation,,,"OLIVE OIL SOAPS 120gr",1,0,visible,,,,,taxable,parent,1,,,0,0,,,,,0,,,9,,,,,,,id:3002,,,,,,0,,Select,,,0
3644,variation,,,"OLIVE OIL SOAPS 60gr",1,0,visible,,,,,taxable,parent,1,,,0,0,,,,,0,,,5.5,,,,,,,id:3004,,,,,,1,,Select,,,0
4899,simple,,,"Smoothing body scrub",-1,0,visible,"Exfoliate and moisturize your skin with  our Olive natural Smoothing body scrub. This reparative scrub gently exfoliates the skin to reveal","Exfoliate and moisturize your skin with  our Olive natural Smoothing body scrub. This reparative scrub gently exfoliates the skin to reveal your natural, healthy glow. Formulated with Certified Organic Olive oil and other good-for-you ingredients, your skin will be left feeling silky smooth and smelling ingredients are orange, jasmine ess.oils.. Smelling like paradise!",,,taxable,,1,,,0,0,,,,,1,,,,,,,,,,,,,,,,0,"Ellia Natural Cosmetics",,,,
4905,simple,,,"Gentle cleansing gel",1,0,visible,"Our Gentle cleansing gel is blended to cleanse and soothe any kind of sensitive skin. Organic sage and lavender extracts help relieving any symptoms of eczema, psoriasis and reduces skin inflammation. While magnesium,\n\n&nbsp;","Our Gentle cleansing gel is blended to cleanse and soothe any kind of sensitive skin. Organic sage and lavender extracts help relieving any symptoms of eczema, psoriasis and reduces skin inflammation. While magnesium, zing and copper improve skin barrier function and calm any  irritation on your skin. With no sulfate and no parfum is the best natural face wash for sensitive skin!\n\nTip: Use the mediterranean herbal mist after as a lotion to  extra sooth and disinfect your skin and also one of our 24h creams that you believe suits your skin needs for even better results!\n\n250ml bottle",,,taxable,,1,,,0,0,0.320,,,,1,,,16.50,"Skincare > Cleansing, Unique use products > Herbal wash",,,"https://www.ellianaturalcosmetics.com/wp-content/uploads/2023/10/Gentle-cleansing-gel.jpg, https://www.ellianaturalcosmetics.com/wp-content/uploads/2023/10/gentle-cleansing-gel1.jpg",,,,,,"id:2987, id:2979, id:2981, id:3006, id:3164",,,0,"Ellia Natural Cosmetics",Ingredients,"Aqua (Water)\, Disodium Laureth Sulfosuccinate\, Cocamidopropyl Betaine\, Glycerin\, Myristyl Lactate\, Caprylyl/Capryl Glucoside\, Lauryl Glucoside\, Potassium Laureth-4 Carboxylate\, Sodium Benzoate\, Potassium Sorbate\, Lavandula Angustifolia (Lavender) Oil\, Salvia Officinalis Leaf Extract\, Olea Europaea Leaf Extract\, Sodium Gluconate\, Linalool\, Citric Acid\, Copper Aspartate\, Zinc Aspartate\, Manganese Aspartate\, Phenoxyethanol\, Phenethyl Alcohol.",1,0
4909,simple,,,"Natural lifting cream- 24h ultimate lift",1,0,visible,"This natural lifting  cream is particularly suitable for skin that is losing its elasticity. The effective combination of Phyto lift complex, marine collagen and 3 different weight hyaluronic reduces the depth of wrinkles.","This natural lifting  cream is particularly suitable for skin that is losing its elasticity. The effective combination of Phyto lift complex, marine collagen and 3 different weight hyaluronic reduces the depth of wrinkles. Also 24h ultimate lift additionally contains shea butter  that binds the moisture in the skin and ensures a soft, healthy appearance. The skin regains its elasticity overnight.\n\nExcellent For a smooth and fresh complexion!\n<ul>\n 	<li>Works against the signs of aging</li>\n 	<li>Regenerating</li>\n 	<li>Firming and smoothing</li>\n 	<li>Improves the elasticity of the connective tissue</li>\n 	<li>Reduces the depth of wrinkles</li>\n 	<li style=""text-align: left;"">Strengthens the skin's protective barrier</li>\n 	<li>Can be used day and night,face and eyes or with a compination of 24h ultimate recovery,Young ever after oil serum and Young ever after balm</li>\n 	<li>60ml jar</li>\n</ul>",,,taxable,,1,,,0,0,0.120,,,,1,,,59.50,"Skincare > Antiageing",,,"https://www.ellianaturalcosmetics.com/wp-content/uploads/2023/10/Natural-lift-cream.jpg, https://www.ellianaturalcosmetics.com/wp-content/uploads/2023/10/natural-lifting-cream.png, https://www.ellianaturalcosmetics.com/wp-content/uploads/2023/10/natural-lift.png",,,,,"id:3169, id:2997","id:3169, id:2995, id:2997",,,0,"Ellia Natural Cosmetics",60ml,"Aqua (Water)\, Caprylic/Capric Triglyceride\, Glycerin\, Butyrospermum Parkii (Shea) Butter\, Helianthus Annuus Seed Cera\, Prunus Amygdalus Dulcis (Sweet Almond) Oil\, Olea Europaea (Olive) Fruit Oil\, Olea Europaea Oil Unsaponifiables\, Vitis Vinifera (Grape) Seed Oil\, Hydrogenated Ethylhexyl Olivate\, Cetearyl Alcohol\, Glyceryl Stearate\, Maltol\, Potassium Palmitoyl Hydrolyzed Wheat Protein\, Tocopheryl Acetate\, Carbomer\, Rhus Verniciflua Peel Cera\, Rhus Succedanea Fruit Cera\, Shorea Robusta Resin\, Hydrolyzed Manihot Esculenta Tuber Extract\, Prunus Amygdalus Dulcis (Sweet Almond) Seed Extract\, Sodium Gluconate\, Helichrysum Italicum Flower Extract\, Allantoin\, Tocopherol\, Cananga Odorata Flower Oil\, Polyquaternium-80\, Hydrogenated Olive Oil Unsaponifiables\, Sodium Hydroxide\, Sodium Hyaluronate\, Helianthus Annuus (Sunflower) Seed Oil\, Phenoxyethanol\, Ethylhexylglycerin\, Linalool\, Benzyl Benzoate\, Benzyl Salicylate\, Farnesol\, Geraniol\, Eugenol\, Isoeugenol.",1,0
4919,simple,,,"Deep cleansing face mask- Deep cleansing mask scrub",1,0,visible,"A deep cleansing face mask and scrub with clay thymus, lemon, aloe and olive pits microparticles. Due to clay it deeply cleanses pores, absorb oiliness improving the appearance of oily and acne prone skin, offering a matte brightening look . The antimicrobial","[video width=""720"" height=""1080"" mp4=""https://www.ellianaturalcosmetics.com/wp-content/uploads/2024/01/Aa79f83744254f4aa6125d970a5b14de-1.mp4"" loop=""true"" autoplay=""true""][/video]\n\nA Deep cleansing face mask and scrub with clay thymus, lemon, aloe and olive pits microparticles. Due to clay it deeply cleanses pores, absorb oiliness improving the appearance of oily and acne prone skin, offering a matte brightening look . The antimicrobial essential oils thymus and lemon protect against the creation of black spots and the aloe helps to calm any irritation that the skin may have leaving the skin radiant and full of health.\n\nUse: Apply to clean dry face avoiding the eye area  a small amount of the product with gentle circle movements like a scrub for less than a minute. After leave it on for\n\n5-10 minutes until it dries and remove it with plenty of water making gentle circular movements. Repeat the process 1-2 times a week.\n\n100ml",,,taxable,,1,,,0,0,0.120,,,,1,,,24.60,"Skincare > Cleansing","deepcleansingmask, naturalcleansingmask",,"https://www.ellianaturalcosmetics.com/wp-content/uploads/2023/11/Green-clay-mask-scrub-scaled.png, https://www.ellianaturalcosmetics.com/wp-content/uploads/2023/11/Green-clay-mask-scrub-scaled.png, https://www.ellianaturalcosmetics.com/wp-content/uploads/2023/11/Green-clay-scrub-mask-scaled.png, https://www.ellianaturalcosmetics.com/wp-content/uploads/2023/11/natural-cleansing-mask.jpg, https://www.ellianaturalcosmetics.com/wp-content/uploads/2023/11/natural-cleansing-mask-.jpg",,,,,,,,,0,"Ellia Natural Cosmetics",100ml,"Aqua (Water)\, Butylene Glycol\, Solum Fullonum\, Glycerin\, Bentonite\, Caprylic/Capric Triglyceride\, Perlite\, Stearyl Alcohol\, Glyceryl Stearate\, Magnesium Aluminum Silicate\, Stearic Acid\, Hydrogenated Ethylhexyl Olivate\, Olea Europaea (Olive) Seed Powder\, Polysorbate 60\, Maltol\, Citrus Limon Peel Oil\, Limonene\, Sodium Gluconate\, Xanthan Gum\, Thymus Vulgaris Flower/Leaf Oil\, Polyquaternium-80\, Hydrogenated Olive Oil Unsaponifiables\, Agave Americana Leaf Extract\, Citral\, Sodium Benzoate\, Potassium Sorbate.",1,0
5026,simple,,,"Natural Deodorant roll on",1,0,visible,"Natural deodorant roll on, aluminium free.An extremely effective, deodorant roll-on, free of aluminum,parabens and alcohol, with natural extracts of tee trea, bampoo and sage as deodorazing agents and a naturally origin preservatives!","Natural deodorant roll on, aluminium free.An extremely effective, deodorant roll-on,",,,taxable,,1,,,0,0,,,,,1,,,10.50,Uncategorized,,,"https://www.ellianaturalcosmetics.com/wp-content/uploads/2025/03/Aluminium-free-deodorant-roll-scaled.png, https://www.ellianaturalcosmetics.com/wp-content/uploads/2025/03/bio-deodorant-roll-on--scaled.png, https://www.ellianaturalcosmetics.com/wp-content/uploads/2025/03/bio-deodorant-scaled.png, https://www.ellianaturalcosmetics.com/wp-content/uploads/2025/03/Natural-deodorant-scaled.png, https://www.ellianaturalcosmetics.com/wp-content/uploads/2025/03/Natural-deodorant-png-scaled.png, https://www.ellianaturalcosmetics.com/wp-content/uploads/2025/03/Natural-deodorant-png-1-scaled.png, https://www.ellianaturalcosmetics.com/wp-content/uploads/2025/03/natural-deo-scaled.png, https://www.ellianaturalcosmetics.com/wp-content/uploads/2025/03/Natural-deodorant-roll-scaled.png",,,,,"id:3164, id:3031, id:3034, id:3036, id:3038",,,,0,"Ellia Natural Cosmetics","deodorant roll on 50ml","Aqua\, Glycerin\, Zinc Ricinoleate\, Propanediol\, Cetearyl Alcohol\, Coco-Caprylate/Caprate\, Dicaprylyl Ether\, Ceteth-20 Phosphate\, Prunus Armeniaca Kernel Oil\, Dicetyl Phosphate\, Butylene Glycol\, Caprylyl Glycol\, Parfum\, Xanthan Gum\, p-Anisic Acid\, Phenylpropanol\, Aloe Barbadensis Leaf Juice Powder\, Bambusa Vulgaris Leaf Extract\, Melaleuca Alternifolia Leaf Oil\, Spiraea Ulmaria Extract\, Helianthus Annuus Seed Oil\, Linalool\, Citral\, Terpineol\, Limonene\, Alpha-Terpinene\, Citrus Limon Peel Oil\, Pinene\, Lavandula Oil/Extract\, Terpinolene\, Tocopherol\, Coumarin\, Potassium Sorbate\, Linalyl Acetate.",1,0
